标题,时间,内容,一级类别,来源网站,访问地址,附件链接
河北中医药大学专家团队在巴西巡展、巡讲、巡诊,2023年11月21日,"为落实党的二十大报告关于“促进中医药创新发展”和习近平总书记“推动中医药走向世界”重要指示精神，11月6日，河北中医药大学专家团队赴巴西开展巡展、巡讲、巡诊活动，专家们分别围绕正骨手法、耳穴疗法、针刺镇痛、中医拔罐疗法和肩颈部推拿保健手法等临床应用开展系列讲座，展示了中医药文化的独特魅力，受到巴西民众普遍欢迎和认可。巡诊第一天，诊疗对象主要以孔子学院学生为主，疗效经口口相传，第二天涌来大量附近居住的患者，第三天就诊人数翻了一番，排起了长长的队伍。
戈亚斯州当地部分居民驱车近两百公里专程到巴西利亚大学参加河北中医药大学专家讲座，讲堂。他们认为，中医疗法“非常神奇”，针灸、推拿、拔罐、正骨等对运动损伤有超乎寻常的疗效。
此外，河北中医药大学—戈亚斯联邦大学中医诊疗中心，近日在巴西戈亚斯联邦大学中医孔子学院揭牌，此次共建中医诊疗中心，不仅为两校的合作交流搭建了新平台，拓宽了合作领域，还将有效推动中医药在巴西的传播与发展，增进了中巴两国人民的相互了解，为深化中巴友好合作关系发挥了积极作用。

",国际交流,http://jyt.hebei.gov.cn/column.jsp,http://jyt.hebei.gov.cn/col/1533808807647/2023/11/22/1700643827701.html,
河北省教育厅关于沧州医学高等专科学校与日本学校法人西野学园札幌医学技术...,2022年07月15日,"　　根据《中华人民共和国中外合作办学条例》及其实施办法，省教育厅已对沧州医学高等专科学校与日本学校法人西野学园札幌医学技术福祉齿科专门学校合作举办医学检验技术专业高等专科教育项目进行了审核、备案，现予公示。
　　
　　附件：项目相关信息（1264N）

　　

　　河北省教育厅
　　2022年7月15日",国际交流,http://jyt.hebei.gov.cn/column.jsp,http://jyt.hebei.gov.cn/col/1533808807647/2022/07/22/1672739400062.html,http://jyt.hebei.gov.cn/download.jsp?pathfile=/atm/7/20220722082605439.docx;
河北省教育厅关于沧州振华国际学校名称和法人变更情况的公示,2021年12月02日,"　　2021年11月11日，沧州市教育局向我厅提交了《关于沧州振华国际学校变更学校名称和法定代表人的请示》，根据《河北省教育厅关于印发〈河北省外籍人员子女学校管理办法〉的通知》有关规定，经审核，同意将“沧州振华国际学校”名称变更为“沧州庆华外籍人员子女学校”，法定代表人由金龙镇变更为洪庆美。现予公示。
　　
　　公示期5天（自2021年12月2日至12月16日）。
　　
　　联系电话0311-66005191
　　
　　河北省教育厅
　　2021年12月2日",国际交流,http://jyt.hebei.gov.cn/column.jsp,http://jyt.hebei.gov.cn/col/1405611268996/2022/01/18/1642497063355.html,
中外合作办学评估,2020年07月06日,"　　根据教育部下发的《中外合作办学评估方案》（2020年）确定的评估程序，现对河北金融学院和河北地质大学举办的中外合作办学项目相关信息进行公示,公示时间为7月6日至7月18日，公示期为10个工作日。公示期间，如对公示内容有异议，请将相关情况发至hebeigjc@sina.com。公示链接如下：
　　
　　河北省2020年中外合作办学评估自评信息公示",国际交流,http://jyt.hebei.gov.cn/column.jsp,http://jyt.hebei.gov.cn/col/1533808807647/2020/07/06/1599730509073.html,http://jyt.hebei.gov.cnmailto:hebeigjc@sina.com;http://jyt.hebei.gov.cnhttp://www.cdgdc.edu.cn/hzbx/bx/ssck.action?gsxxlb=2&ssdm=13;
