标题,时间,内容,一级类别,来源网站,访问地址,附件链接
河北省科学技术厅2023年政府信息公开工作年度报...,2024-01-29,"
　　根据《中华人民共和国政府信息公开条例》《河北省实施〈中华人民共和国政府信息公开条例〉办法》等规定，发布本年度报告。报告中所列数据统计期限为2023年1月1日至12月31日。　　一、总体情况　　2023年，河北省科学技术厅坚持以习近平新时代中国特色社会主义思想为指导，全面贯彻落实党的二十大和中央经济工作会议精神，深入贯彻党中央、国务院决策部署和省委、省政府工作要求，准确把握新时代政府信息公开新形势新要求，坚持以人民为中心，全过程推进政务公开，全方位回应社会关切，全流程优化政务服务，全链条加强政务信息管理，全环节夯实工作基础，为全省科技创新工作营造了良好氛围。　　（一）大力推动政务信息主动公开。2023年，标准化规范化做好政府信息公开专栏建设，主动及时准确更新领导信息、联系电话、办公地址、政策法规等政府信息。加强主动公开、决策公开、执行公开，深化重点领域信息公开，在厅门户网站发布科技动态、通知公告、政策解读、科技前沿等各类信息4987篇。围绕重大主题和中心工作，在网站建立“学习贯彻习近平新时代中国特色社会主义思想主题教育”“科技奖励大会”“打造和开放创新应用场景”专栏，推动网站影响力和引导力持续提升。由我厅办理的省人大代表建议政协提案复文共41件，已全部办结并在厅网站相关专栏公开。　　（二）依法依规开展依申请公开答复。不断完善信息公开申请接收、登记、审核、办理、答复、归档的工作制度，开设了网络、信函、当面申请等渠道，严格遵守依申请公开答复期限，依法保障公众合理的信息公开需求。2023年收到政府信息公开申请17件，办结率100%，无行政复议、诉讼等情况。　　（三）强化政府信息管理。制定2023年政务公开工作实施方案，动态调整厅政务公开工作领导小组名单及《政务公开事项目录清单》，推进工作落细落实，切实保障人民群众的知情权、参与权、表达权和监督权。加强政府信息公开规范管理，对53件文件规范性文件进行清理，其中49件保留、3件列入限期修改、1件予以废止或宣布失效。加强公文和其他档案资料的归档管理，及时向“两馆一中心”移交档案资料，全年转交文件119件，为查询使用和信息公开提供便利。　　（四）加强信息公开平台建设。积极依托厅门户网站打造全面的政务公开平台、权威政策发布解读平台、及时回应关切和便民服务平台。全面落实推进政务公开专栏改版，版块设置更加清晰，持续更新相关内容，进一步提升了信息公开的规范度、准确度。充分发挥新媒体在传播政务信息、畅通民意渠道等方面的作用，着力提升厅政务微博、微信的影响力，打造了“科技河北”新媒体品牌，“科技河北”微信公众号坚持每日推送更新，全年发布信息1010篇，“科技河北”视频号发布信息230条，开展线上直播14场次，为品牌活动和重要会议召开营造了声势。微信公众号关注人数达6.6万人，视频号关注量达1.8万余人。　　（五）强化监督保障。结合年度政务公开第三方评估反馈问题，及时进行整改。厅主要负责人高度重视政务公开工作，积极协调解决工作中难点问题。加强经费保障和人员保障，将政务公开工作列入年度绩效考核，积极组织相关工作人员进行业务培训，认真学习《中华人民共和国政府信息公开条例》，不断提高工作人员对政府信息公开工作的认识和做好信息公开工作的能力水平。　　二、主动公开政府信息情况第二十条第（一）项信息内容本年制发件数本年废止件数现行有效件数规章000行政规范性文件1153第二十条第（五）项信息内容本年处理决定数量行政许可1029第二十条第（六）项信息内容本年处理决定数量行政处罚0行政强制0第二十条第（八）项信息内容本年收费金额（单位：万元）行政事业性收费0　　三、收到和处理政府信息公开申请情况（本列数据的勾稽关系为：第一项加第二项之和，等于第三项加第四项之和）申请人情况自然人法人或其他组织总计商业企业科研机构社会公益组织法律服务机构其他一、本年新收政府信息公开申请数量170000017二、上年结转政府信息公开申请数量0000000三、本年度办理结果（一）予以公开170000017（二）部分公开（区分处理的，只计这一情形，不计其他情形）0000000（三）不予公开1.属于国家秘密00000002.其他法律行政法规禁止公开00000003.危及“三安全一稳定”00000004.保护第三方合法权益00000005.属于三类内部事务信息00000006.属于四类过程性信息00000007.属于行政执法案卷00000008.属于行政查询事项0000000（四）无法提供1.本机关不掌握相关政府信息00000002.没有现成信息需要另行制作00000003.补正后申请内容仍不明确0000000（五）不予处理1.信访举报投诉类申请00000002.重复申请00000003.要求提供公开出版物00000004.无正当理由大量反复申请00000005.要求行政机关确认或重新出具已获取信息0000000（六）其他处理1.申请人无正当理由逾期不补正、行政机关不再处理其政府信息公开申请00000002.申请人逾期未按收费通知要求缴纳费用、行政机关不再处理其政府信息公开申请00000003.其他0000000（七）总计170000017四、结转下年度继续办理0000000　　四、政府信息公开行政复议、行政诉讼情况行政复议行政诉讼结果维持结果纠正其他结果尚未审结总计未经复议直接起诉复议后起诉结果维持结果纠正其他结果尚未审结总计结果维持结果纠正其他结果尚未审结总计000000000000000　　五、存在的主要问题及改进情况　　2023年，我厅信息公开工作取得了一定成效，但认真对照省委、省政府关于政府信息公开工作的决策部署，仍然存在一些差距和不足。主要表现在以下几个方面：一是对企业群众问题诉求的分析研判还不够，需要进一步提升主动治理能力和水平；二是对重点领域主动公开信息的谋划还不够，服务类信息占比仍然不高，与企业群众诉求相比还有差距；三是政府信息公开业务能力和水平还有待提高，需要进一步加强业务培训，提升依申请公开答复水平。　　下一步，我厅将继续坚持党建引领，坚持以人民为中心的发展思想，推动政府信息公开各项工作落实落细。一是主动向前一步，通过接诉即办、公众来信等渠道认真收集创新主体诉求，积极搭建与创新主体之间的“连心桥”；二是深化重点领域信息公开，加强主动公开信息的统筹谋划，提高服务类信息公开力度；三是持续开展好业务培训，加强依申请公开答复告知书的审核把关，不断提升政府信息公开水平和质量。　　六、其他需要报告的事项　　认真贯彻执行国务院办公厅《政府信息公开信息处理费管理办法》和《河北省财政厅河北省发展和改革委员会关于政府信息公开信息处理费管理有关事项的通知》要求，落实信息处理收费政策。2023年，我厅未收取信息处理费。附件：1、河北省科学技术厅2023年政府信息公开工作年度报告.doc　　2、河北省科学技术厅2023年政府信息公开工作年度报告.pdf
",政府信息公开年报,https://kjt.hebei.gov.cn/www/xxgk2020/212936/index.html,https://kjt.hebei.gov.cn/www/xxgk2020/212936/298933/index.html,https://kjt.hebei.gov.cn/www/xxgk2020/212936/298933/2024031917015743670.doc;https://kjt.hebei.gov.cn/www/xxgk2020/212936/298933/2024031917101572192.pdf;https://kjt.hebei.gov.cn/www/xxgk2020/212936/298933/2024031917022697507.pdf;
河北省科学技术厅2023年政府网站工作年度报表,2024-01-23,,政府信息公开年报,https://kjt.hebei.gov.cn/www/xxgk2020/212936/index.html,https://kjt.hebei.gov.cn/www/resource/cms/article/212936/298534/2024012310461140192.pdf,
河北省科学技术厅政府网站工作年报（2022年度）,2023-01-28,,政府信息公开年报,https://kjt.hebei.gov.cn/www/xxgk2020/212936/index.html,https://kjt.hebei.gov.cnhttps://v.hebkjt.cn:8088/doc/2022/2022河北省科学技术厅政府网站工作年报.pdf,
河北省科学技术厅2022年政府信息公开工作年度报...,2023-01-13,"
　　　　　　根据《中华人民共和国政府信息公开条例》《河北省实施〈中华人民共和国政府信息公开条例〉办法》等规定，发布本年度报告。报告中所列数据统计期限为2022年1月1日至12月31日。　　一、总体情况　　2022年，河北省科学技术厅坚持以习近平新时代中国特色社会主义思想为指导，以迎接、学习、宣传、贯彻党的二十大为主线，深入贯彻党中央、国务院决策部署和省委、省政府工作要求，以扎实推动政府信息公开制度化、规范化为着力点，不断提升政务服务水平，为全省科技创新工作营造了良好氛围。　　（一）主动公开政府信息情况。按照“公开为原则，不公开为例外”要求，主动公开各类政府信息。2022年厅门户网站发布科技动态、通知公告、政策解读、科技前沿等各类信息5009篇。由我厅办理的省人大代表建议政协提案复文共36件，已全部办结并在厅网站相关专栏公开。“科技河北”微信公众号坚持每日推送更新，全年发布信息1146篇，“科技河北”视频号发布信息263条。全年向“两馆一中心”转交文件129件。　　（二）依申请公开答复情况。不断完善信息公开申请接收、登记、审核、办理、答复、归档的工作制度，开设了网络、信函、当面申请等渠道，严格遵守依申请公开答复期限，依法保障公众合理的信息公开需求。2022年收到政府信息公开申请11件，全部按期答复。　　（三）强化政府信息管理。制定2022年政务公开工作实施方案，动态调整厅政务公开工作领导小组名单及《政务公开事项目录清单》，推进工作落细落实，切实保障人民群众的知情权、参与权、表达权和监督权。加强政府信息公开规范管理，对70件文件规范性文件进行清理，其中39件文件保留，23件文件列入限期修改，8件文件予以废止或宣布失效。加强公文和其他档案资料的归档管理，及时向“两馆一中心”移交档案资料，为查询使用和信息公开提供便利。　　（四）加强信息公开平台建设。积极依托厅门户网站打造全面的政务公开平台、权威政策发布解读平台、及时回应关切和便民服务平台。全面落实推进政务公开专栏改版，版块设置更加清晰，持续更新相关内容，进一步提升了信息公开的规范度、准确度。充分发挥新媒体在传播政务信息、畅通民意渠道等方面的作用，着力提升厅政务微博、微信的影响力，打造了“科技河北”新媒体品牌，微信公众号关注人数达3.7万人，视频号关注量达1万余人。　　（五）强化监督保障。结合年度政务公开第三方评估反馈问题整改，及时进行整改。厅主要负责人高度重视政务公开工作，积极协调解决工作中难点问题。加强经费保障和人员保障，将政务公开工作列入年度绩效考核，积极组织相关工作人员进行业务培训，认真学习《中华人民共和国政府信息公开条例》，不断提高工作人员对政府信息公开工作的认识和做好信息公开工作的能力水平。　　二、主动公开政府信息情况　　第二十条第（一）项　　信息内容　　本年制发件数　　本年废止件数　　现行有效件数　　规章　　0　　0　　0　　行政规范性文件　　13　　8　　49　　第二十条第（五）项　　信息内容　　本年处理决定数量　　行政许可　　1153　　第二十条第（六）项　　信息内容　　本年处理决定数量　　行政处罚　　0　　行政强制　　0　　第二十条第（八）项　　信息内容　　本年收费金额（单位：万元）　　行政事业性收费　　0　　三、收到和处理政府信息公开申请情况（本列数据的勾稽关系为：第一项加第二项之和，等于第三项加第四项之和）申请人情况自然人法人或其他组织总计商业企业科研机构社会公益组织法律服务机构其他一、本年新收政府信息公开申请数量110000011二、上年结转政府信息公开申请数量0000000三、本年度办理结果（一）予以公开100000010（二）部分公开（区分处理的，只计这一情形，不计其他情形）0000000（三）不予公开1.属于国家秘密00000002.其他法律行政法规禁止公开00000003.危及“三安全一稳定”00000004.保护第三方合法权益00000005.属于三类内部事务信息10000016.属于四类过程性信息00000007.属于行政执法案卷00000008.属于行政查询事项0000000（四）无法提供1.本机关不掌握相关政府信息00000002.没有现成信息需要另行制作00000003.补正后申请内容仍不明确0000000（五）不予处理1.信访举报投诉类申请00000002.重复申请00000003.要求提供公开出版物00000004.无正当理由大量反复申请00000005.要求行政机关确认或重新出具已获取信息0000000（六）其他处理1.申请人无正当理由逾期不补正、行政机关不再处理其政府信息公开申请00000002.申请人逾期未按收费通知要求缴纳费用、行政机关不再处理其政府信息公开申请00000003.其他0000000（七）总计20000011四、结转下年度继续办理0000000　　四、政府信息公开行政复议、行政诉讼情况行政复议行政诉讼结果维持结果纠正其他结果尚未审结总计未经复议直接起诉复议后起诉结果维持结果纠正其他结果尚未审结总计结果维持结果纠正其他结果尚未审结总计000000000000000　　　　五、存在的主要问题及改进情况　　2022年我厅在信息公开工作中取得了一定成效，但也还存在政策解读形式不够丰富、覆盖面不完全、推送不够精准等问题，信息公开平台相关栏目和内容分类仍需进一步优化。下一步，我厅信息公开工作将扎实落实国家和我省的统一部署，紧紧围绕全省重点工作和社会关切，加强政策解读发布，提高依申请公开办理质量，强化制度保障，以高质量的信息公开工作促进科技政策落地和服务水平提升。　　六、其他需要报告的事项　　认真贯彻执行国务院办公厅《政府信息公开信息处理费管理办法》和《河北省财政厅河北省发展和改革委员会关于政府信息公开信息处理费管理有关事项的通知》要求，落实信息处理收费政策。2022年未收取信息处理费。　　附件：　　1、2022年政府信息公开工作年度报告.doc　　2、2022年政府信息公开工作年度报告.pdf
",政府信息公开年报,https://kjt.hebei.gov.cn/www/xxgk2020/212936/index.html,https://kjt.hebei.gov.cn/www/xxgk2020/212936/276914/index.html,https://kjt.hebei.gov.cn/www/xxgk2020/212936/276914/2023012013594782370.doc;https://kjt.hebei.gov.cn/www/xxgk2020/212936/276914/2023012013594750370.pdf;
河北省科学技术厅2021年政府信息公开工作年度报...,2022-01-28,"
根据《中华人民共和国政府信息公开条例》《河北省实施〈中华人民共和国政府信息公开条例〉办法》等规定，发布本年度报告。报告中所列数据统计期限为2021年1月1日至12月31日。一、总体情况2021年，河北省科学技术厅坚持以习近平新时代中国特色社会主义思想为指导，深入贯彻党中央、国务院和省委、省政府工作部署，以扎实推动政府信息公开制度化、规范化为着力点，不断提升政务服务水平，为全省科技创新工作营造了良好的氛围。（一）主动公开政府信息情况。按照“公开为原则，不公开为例外”要求，主动公开各类政府信息。2021年厅门户网站发布科技动态、通知公告、政策解读、科技前沿等各类信息4818篇。由我厅办理的省人大代表建议政协提案复文共29件，已全部办结并在厅网站相关专栏公开。“科技河北”微信公众号全年发布信息1261篇，政务微博“科技河北”发布信息4000余条。（二）依申请公开答复情况。不断完善信息公开申请接收、登记、审核、办理、答复、归档的工作制度，开设了网络、信函、当面申请等渠道，严格遵守依申请公开答复期限，依法保障公众合理的信息公开需求。2021年收到政府信息公开申请2件，全部按期答复。（三）加强信息公开平台建设。积极依托厅门户网站打造全面的政务公开平台、权威政策发布解读平台、及时回应关切和便民服务平台。全面落实推进政务公开专栏改版，版块设置更加清晰，持续更新相关内容，进一步提升了信息公开的规范度、准确度。充分发挥新媒体在传播政务信息、畅通民意渠道等方面的作用，着力提升厅政务微博、微信的影响力，打造了“科技河北”公众号品牌，关注人数达22000余人，政务微博关注量达3万余人。（四）强化政策宣传解读。在规范性文件或政策文件制定时，同步起草、同步审签、同步发布相关解读材料，在厅网站和微信公众号增设了“政策法规”版块，运用图片、图表、图解、视频等可视化方式，进行形象化、通俗化解读，确保受众“听得懂、好明白、能理解”，全年更新科技法律法规、政策解读、规范性文件20余件。依托全省“政策直通车”平台宣传解读政策，政策文件出台后同步上传，目前已累计上传发布政策文件36件。2021年，聚焦全省重点工作，围绕全面建成小康社会提供科技支撑、科技创新“十四五”规划、大力推进科技创新工作的若干举措等新闻发布主题，举办参加新闻发布会7次，国家和省内权威媒体以及厅门户网站、微信公众号集中发布了一批宣传报道，有效放大了新闻发布声音，提升了解读效果。二、主动公开政府信息情况第二十条第（一）项信息内容本年制发件数本年废止件数现行有效件数规章000行政规范性文件81153第二十条第（五）项信息内容本年处理决定数量行政许可1689第二十条第（六）项信息内容本年处理决定数量行政处罚0行政强制第二十条第（八）项信息内容本年收费金额（单位：万元）行政事业性收费0三、收到和处理政府信息公开申请情况（本列数据的勾稽关系为：第一项加第二项之和，等于第三项加第四项之和）申请人情况自然人法人或其他组织总计商业企业科研机构社会公益组织法律服务机构其他一、本年新收政府信息公开申请数量2000002二、上年结转政府信息公开申请数量0000000三、本年度办理结果（一）予以公开1000001（二）部分公开（区分处理的，只计这一情形，不计其他情形）0000000（三）不予公开1.属于国家秘密00000002.其他法律行政法规禁止公开00000003.危及“三安全一稳定”00000004.保护第三方合法权益00000005.属于三类内部事务信息10000016.属于四类过程性信息00000007.属于行政执法案卷00000008.属于行政查询事项0000000（四）无法提供1.本机关不掌握相关政府信息00000002.没有现成信息需要另行制作00000003.补正后申请内容仍不明确0000000（五）不予处理1.信访举报投诉类申请00000002.重复申请00000003.要求提供公开出版物00000004.无正当理由大量反复申请00000005.要求行政机关确认或重新出具已获取信息0000000（六）其他处理1.申请人无正当理由逾期不补正、行政机关不再处理其政府信息公开申请00000002.申请人逾期未按收费通知要求缴纳费用、行政机关不再处理其政府信息公开申请00000003.其他0000000（七）总计2000002四、结转下年度继续办理0000000四、政府信息公开行政复议、行政诉讼情况行政复议行政诉讼结果维持结果纠正其他结果尚未审结总计未经复议直接起诉复议后起诉结果维持结果纠正其他结果尚未审结总计结果维持结果纠正其他结果尚未审结总计000000000000000五、存在的主要问题及改进情况2021年我厅在信息公开工作中取得了一定成效，但也还存在政策解读形式不够丰富、覆盖面不完全、推送不够精准等问题，信息公开平台相关栏目和内容分类仍需进一步优化。下一步，我厅信息公开工作将扎实落实国家和全省的统一部署，紧紧围绕全省重点工作和社会关切，加强政策解读发布，提高依申请公开办理质量，强化制度保障，以高质量的信息公开工作促进科技政策落地和服务水平提升，以优异成绩迎接党的二十大胜利召开。六、其他需要报告的事项认真贯彻执行国务院办公厅《政府信息公开信息处理费管理办法》和《河北省财政厅河北省发展和改革委员会关于政府信息公开信息处理费管理有关事项的通知》要求，落实信息处理收费政策。2021年未收取信息处理费。
",政府信息公开年报,https://kjt.hebei.gov.cn/www/xxgk2020/212936/index.html,https://kjt.hebei.gov.cn/www/xxgk2020/212936/254504/index.html,
河北省科学技术厅2020年政府信息公开工作年度报...,2021-01-29,"
　　一、总体情况　　2020年以来，河北省科学技术厅深入贯彻党中央、国务院和省委、省政府工作部署，认真落实《中华人民共和国政府信息公开条例》要求，以扎实推动政府信息公开制度化、规范化为着力点，不断提升政务服务水平，为全省科技创新工作营造了良好的氛围。　　（一）加强信息发布平台建设。2020年，厅门户网站政府信息公开专栏完成升级，制定完善了省科技厅政务公开事项清单，提升了政府信息公开规范化水平。全年在厅门户网站主动公开各类文件信息316条，由我厅办理的2020年度省人大代表建议政协提案复文、部门预决算等信息已全部在厅网站相关专栏公开。委托第三方专业公司对厅门户网站进行实时监测，定期发布监测报告，对问题逐一梳理整改，保障厅门户网站稳定运行。2020年，收到厅网站和省政府网站批转的各类网民留言157条，均实现按时规范答复。　　（二）积极拓展信息公开渠道。向中国河北门户网站报送信息1400余条，科技部网站和政务信息共采用河北信息82篇。在河北政务服务网发布通知公告信息19条。充分发挥新媒体在传播政务信息、引导社会舆论、畅通民意渠道等方面的作用，着力提升厅政务微博、微信的影响力。我厅微博、微信关注总量达5.1万余人，全年发布信息1543篇，分享量达4万次，阅读量达106万，单篇阅读量最高达2万人次以上。　　（三）加强科技政策宣传解读。与长城新媒体集团联合拍摄制作《政策面对面——创新河北》系列政策解读节目，深入宣传解读高新技术企业培育、县域科技创新跃升计划、创新创业大赛、创新平台建设等重点政策举措，受到广泛好评。除视频节目外，编辑发布图文信息，在学习强国、新华网等平台二次传播，进一步扩大了政策影响力和引导力。组织开展“两团两员”科技政策宣传解读培训工作，“科冀政策通”建设运行，全年开展宣讲培训服务100余场，参与人数达万人，科技政策覆盖面和知晓度不断扩展。2020年，我厅共举办参加新闻发布会7次。　　二、主动公开政府信息情况第二十条第（一）项信息内容本年度新制作数量本年度公开数量对外公开总数量规章规范性文件111151第二十条第（五）项信息内容上一年项目数量本年增/减处理决定数量行政许可201956其他对外管理服务事项0+34636第二十条第（六）项信息内容上一年项目数量本年增/减处理决定数量行政处罚行政强制第二十条第（八）项信息内容上一年项目数量本年增/减行政事业性收费第二十条第（九）项信息内容采购项目数量采购总金额政府集中采购102339.45万元　　三、收到和处理政府信息公开申请情况　　2020年未收到政府信息公开申请。　　四、政府信息公开行政复议、行政诉讼情况　　2020年未发生涉及政府信息公开的行政复议、行政诉讼案件。　　五、存在的主要问题及改进情况　　虽然我厅在政府信息公开工作中取得了一定成效，但也存在科技政策宣传解读覆盖不完全、信息公开范围需进一步优化等问题。我们将在今后的工作中，扎实落实国家和全省的统一部署，切实做到信息公开与业务工作同步部署、同步推进、同步落实，提升信息公开工作水平，进一步保障服务对象的知情权。
",政府信息公开年报,https://kjt.hebei.gov.cn/www/xxgk2020/212936/index.html,https://kjt.hebei.gov.cn/www/xxgk2020/212936/233874/index.html,
河北省科学技术厅2019年政府信息公开工作年度报...,2020-01-20,"
　　一、总体情况　　2019年以来，河北省科学技术厅深入贯彻党中央、国务院和省委、省政府对信息公开工作部署，落实《中华人民共和国政府信息公开条例》要求，积极推动信息公开制度化规范化，着力提升政务服务水平，为我省科技创新工作改革发展营造了良好的环境。　　（一）积极推进政府信息公开。2019年，在厅网站主动公开各类文件信息480余条，由我厅办理的2019年度省人大代表建议政协提案复文、部门预决算等信息已全部在厅网站公开，按时向省档案馆、图书馆提供主动公开的政府信息。向中国河北门户网站报送信息883条，科技部门户网站报送信息127条。在河北政务服务网发布通知公告信息110条。　　2019年，我厅共举办参加新闻发布会5次。　　2019年，收到厅网站和省政府门户网站批转的各类网民留言85条，均实现按时规范答复。　　（二）加强政策宣传解读。按照省政府办公厅要求，我厅将“五公开”要求落实到公文办理程序，制定了省科技厅公文处理规范，做到政策性文件与解读方案、解读材料同步组织、同步审签、同步部署。针对科技政策宣传普及、推动落实的问题，省科技厅组建“科技创新辅导团”，面向科技创新主体、科研一线工作者、基层科技管理人员开展科技政策解读和工作辅导，促进全省科技工作“纵向到底、横向到边，上下联动、形成合力”，高标准高质量推动各项任务落实落地。　　（三）强化信息发布平台建设。2019年，委托专业公司对厅门户网站进行实时监测，定期发布监测报告，对问题逐一梳理整改，保障厅门户网站稳定运行。同时着力提升厅政务微博、微信的影响力，积极发挥新媒体在传播政务信息、引导社会舆论、畅通民意渠道等方面的作用。我厅运营的“科技河北”微信公众平台累计发布信息1111条，政务微博累计发布信息15000余条。　　二、主动公开政府信息情况三、收到和处理政府信息公开申请情况　　2019年未收到政府信息公开申请。　　四、政府信息公开行政复议、行政诉讼情况　　2019年未发生涉及政府信息公开的行政复议、行政诉讼案件。　　五、存在的主要问题及改进情况　　虽然我厅在政府信息公开工作中取得了一定成效，但也存在对部分政策宣传解读不到位、信息公开范围不全面等问题。我们将在今后的工作中进一步加大信息公开工作力度，切实做到信息公开与各项业务工作同步部署、同步推进，提高提升信息公开水平，保障服务对象的知情权，提高工作透明度和公信力。
",政府信息公开年报,https://kjt.hebei.gov.cn/www/xxgk2020/212936/index.html,https://kjt.hebei.gov.cn/www/xxgk2020/212936/214864/index.html,
河北省科学技术厅2018年政府信息公开工作年度报...,2019-02-14,"
　　本报告根据《中华人民共和国政府信息公开条例》及相关规定，由河北省科学技术厅编制，内容包括概述、主动公开政府信息情况、依申请公开政府信息情况、申请行政复议和提起行政诉讼情况、收费及减免情况、存在的问题和下一步工作措施，内容涵盖我厅2018年1月1日至2018年12月31日期间政府信息公开情况。　　如对本报告有任何疑问，请与河北省科技厅办公室联系（地址：石家庄市裕华东路105号，电话：0311-85891885）。　　一、概述　　2018年，我厅深入贯彻党中央、国务院和省委、省政府关于全面推进政务公开工作的系列部署，认真落实《中华人民共和国政府信息公开条例》等文件要求，大力推进决策、执行、管理、服务、结果公开，提升政务服务水平，助力“双创双服”活动开展，为我省科技创新工作改革发展营造良好的环境。　　（一）加强制度建设。按照《河北省2018年政务公开工作任务分工方案》要求，我厅研究制定了《河北省科学技术厅2018年政务公开工作任务分工方案》，积极推进政府信息公开，及时更新调整主动公开目录，加强了规划总结、工作动态、权责清单和财政资金预决算信息等政府信息的及时发布、规范公开，进一步规范依申请公开工作，建立健全接收、登记、办理、答复等流程，为政务信息公开工作提供制度保障。　　（二）加强宣传解读。将“五公开”落实到公文办理程序，政策文件制定时要求同步起草、同步审签、同步部署、同步公开相关的政策解读材料，对于全厅组织开展的重要会议活动，邀请相关企业代表和新闻媒体记者全程参与，通过厅网站和新闻报道等方式予以公开。　　（三）加强平台建设。对厅网站进行了改版，对相关公开栏目进行了优化，积极推广应用微博、微信等新媒体平台，随时更新发布相关信息，并通过互动交流栏目，多渠道积极回应社会关切，2018年网民互动留言栏目所涉及的咨询、建议、投诉、网站纠错均按时办结。完成了与河北政务服务网的对接，实现了政务服务事项网上办理。　　二、主动公开政府信息情况　　2018年，在厅门户网站主动公开各类政府信息400余条，围绕我省科技工作重要会议召开、重大政策出台以及重要活动开展等时间节点，及时在省科技厅网站开设专题专栏，并通过微博微信等平台进行全方位宣传解读。　　2018年，全省各级新闻媒体发布涉及科技创新工作的各类报道2000余条，深入宣传解读了我省科技创新政策和科技工作主要成效。　　在省政府新闻办的大力支持下，2018年我厅全年共举办参加新闻发布会3次，厅主要负责同志均出席新闻发布会作了主题发布，并回答了记者提问。　　2018年，按时向省档案馆、省图书馆提交主动公开的政府信息资料179件。　　三、依申请公开政府信息情况　　2018年，我厅收到政府信息公开申请3件，均按时答复申请人。　　四、申请行政复议和提起行政诉讼情况　　2018年，信息公开引起行政复议和提起行政诉讼。　　五、收费及减免情况　　2018年，我厅全部免费为申请人提供政府信息。　　六、存在的问题和下一步工作措施　　虽然我厅在政府信息公开工作中有了很大进展，但与公众需求和上级工作要求相比，仍存在一定差距和不足，公开的内容和深度仍有待进一步拓展，制度落实力度需进一步加强，工作人员业务能力和水平也需进一步提升。　　下一步，我厅将按照省委、省政府决策部署，重点抓好以下三方面的工作：一是加强组织领导，强化保障措施，及时协调解决工作推进中存在的问题，适时对各项工作落实情况进行专题督导。二是大力推进政务公开平台建设，强化门户网站和新媒体平台建设管理，进一步提升公开实效。三是推进政务公开能力建设，抓好教育培训，着力提升工作人员的专业水平和驾驭处理相关问题的能力。　　河北省科学技术厅　　2019年2月13日
",政府信息公开年报,https://kjt.hebei.gov.cn/www/xxgk2020/212936/index.html,https://kjt.hebei.gov.cn/www/xxgk2020/212936/214869/index.html,
河北省科学技术厅2017年政府信息公开工作年度报...,2018-02-02,"
　　本报告根据《中华人民共和国政府信息公开条例》及相关规定，由河北省科学技术厅编制，内容包括概述、主动公开政府信息情况、依申请公开政府信息情况、申请行政复议和提起行政诉讼情况、收费及减免情况、存在的问题和下一步工作措施，内容涵盖我厅2017年1月1日至2017年12月31日期间政府信息公开情况。　　如对本报告有任何疑问，请与河北省科技厅办公室联系（地址：石家庄市裕华东路105号，电话：0311-85891885）。　　一、概述　　2017年，我厅认真落实省委、省政府《关于全面推进政务公开工作的实施意见》，按照《河北省2017年政务公开工作要点》要求，紧紧围绕稳增长、促改革、调结构、惠民生等全省中心工作，全面推进决策、执行、管理、服务、结果公开，完善工作制度，创新工作方式，拓展公开内容，为我省科技创新工作改革发展营造良好的环境。　　（一）进一步完善制度机制建设　　2017年以来，我厅印发了《河北省科学技术厅加快推进“互联网+政务服务”工作实施方案》、《河北省科学技术厅2017年政务公开工作要点》等一系列制度性文件，进一步规范了政务信息公开和政策解读的程序、内容和责任分工等，加强了规划总结、工作动态、科技管理和项目经费、权力清单、财政资金预决算信息和“三公”经费等政务信息的及时发布、规范公开，为政务信息公开工作提供制度保障。　　（二）严格落实“五公开”要求　　将“五公开”要求落实到公文办理程序，全厅各部门在拟制公文时，要求必须明确文件公开属性一并报批；政策文件制定时，要求按照“谁起草、谁解读”的原则，同步起草、同步审签、同步部署、同步公开相关的政策解读材料；对于全厅召开的重要会议，均邀请相关企业代表和新闻媒体记者全程参与，通过厅网站信息和新闻报道等方式予以公开。　　（三）积极推进政府信息公开　　对厅网站政务公开目录进行了梳理，随时更新完善相关内容。积极回应社会关切，在官方网站设有互动交流栏目，包括厅长信箱、公众问答、监督投诉、网上调查四个板块，同时制定了《河北省科技厅门户网站厅长信箱电子邮件承办工作制度》等一系列管理制度，规范了审批流程及回复规则。目前所有网上留言均能实现按时办结。完善政府信息公开申请接收、登记、审核、办理、答复、归档的工作制度，严格遵守依申请公开答复期限，依法保障公众合理的信息需求。　　二、主动公开政府信息情况　　2017年，在厅网站主动公开各类政府信息430余条，围绕重要会议召开、重大政策出台、重要活动开展等时间节点，在厅网站开设相关专栏，对全省科技系统举办的重要会议和活动进行全方位介绍。　　2017年，我厅在省级以上新闻媒体发布各类报道1498条，在《河北日报》等媒体刊发专版23个，深入解读和报道了全省科技创新取得的重要成果。　　在省政府新闻办的大力支持下，2017年我厅全年共举办参加新闻发布会3次，厅主要负责同志出席新闻发布会两次。　　2017年，按时向省档案馆、图书馆提交主动公开的政府信息资料228件。　　三、依申请公开政府信息情况　　2017年，我厅未收到政府信息公开申请。　　四、申请行政复议和提起行政诉讼情况　　2017年，我厅未因信息公开引起行政复议和提起行政诉讼。　　五、收费及减免情况　　2017年，我厅全部免费为申请人提供政府信息。　　六、存在的问题和下一步工作措施　　虽然我厅在政府信息公开工作中有了很大进展，但与公众需求和上级工作要求相比，仍存在一定差距和不足，公开的内容和深度仍有待进一步拓展，制度落实力度需进一步加强，工作人员业务能力和水平也需进一步提升。　　下一步，我厅将按照省委、省政府决策部署，重点抓好以下三方面的工作：一是完善监督考核机制，强化政务公开工作与日常工作有机地结合起来，促使政务公开工作高效开展；二是提升信息公开水平，按照“互联网+政务服务”相关要求，充分运用厅门户网站和新媒体等平台和系统，不断提高政府信息公开工作效率和规范化水平；三是推进政务公开能力建设，提高相关工作人员专业化、法治化水平，组织多种形式专题培训，不断提高工作人员的专业水平和驾驭处理复杂问题的能力。　　河北省科学技术厅　　2018年2月2日
",政府信息公开年报,https://kjt.hebei.gov.cn/www/xxgk2020/212936/index.html,https://kjt.hebei.gov.cn/www/xxgk2020/212936/214878/index.html,
河北省科技厅2016年政府信息公开工作年度报告,2017-02-24,"
　　本报告依据《中华人民共和国政府信息公开条例》、《河北省实施<中华人民共和国政府信息公开条例>办法》以及《河北省科技厅政务公开管理办法》编制，由概述、主动公开政府信息情况、依申请公开政府信息情况、申请行政复议和提起行政诉讼情况、收费及减免情况、主要问题及改进措施六部分构成，内容涵盖我厅2016年1月1日至2016年12月31日期间的信息公开情况。本报告的电子版可在河北省科学技术厅网站（http://kjt.hebei.gov.cn）查询下载。如对本报告有任何疑问，请与河北省科技厅办公室联系（地址：石家庄市裕华东路105号，电话：0311-85891885，电子信箱：kjglxxzx@hebkjt.cn）。　　一、概述　　2016年，省科技厅坚持把政府信息公开工作摆上重要议事日程，抓好工作部署。根据国家和省委、省政府相关要求，紧紧围绕全省科技改革与发展的重点任务，以推动政府权力规范、透明、廉洁、高效运行为目标，全面加强服务型政府建设，公开范围、公开渠道、公开手段不断取得新进展，社会公众的信息服务能力不断增强，扎实有序地推进了成果奖励、项目评审、高新技术企业认定、财政预决算等工作的全面、及时、准确公开。　　（一）加大公开力度，调整充实政府信息公开内容　　2016年初，省科技厅信息公开工作领导小组办公室组织召开了《河北省科技厅当前政府信息公开重点工作安排》工作会议，及时对厅政府信息公开工作领导小组成员进行了调整，重新编制信息公开目录，分解细化了各处室、单位的公开任务，明确提出了经常性工作定期公开，阶段性工作按时公开，临时性工作随时公开的工作要求，进一步充实了信息公开内容，扩大了公开范围。　　（二）多措并举，充分发挥政府网站在信息公开中的平台作用　　按照“整合资源、强化创新、规范管理”的工作思路，强化网站信息资源集成整合，在门户网站设立了“办事服务、专题子站、互动交流”等版块，加强重点领域信息公开。利用政策图解、专题解读、视频专访、办事大厅等丰富多彩的形式对科技工作进行宣传落实。同时设有监督投诉、厅长信箱互动平台，进一步加强广大科技人员对我厅信息公开工作的监督。　　（三）开拓创新，发挥新媒体在信息公开的重要作用　　创新管理，不断拓展信息公开的渠道、内容和形式，努力提高信息公开的成效。2016年，我厅部署了集微信公众号信息发布、移动客户端科技业务应用系统接口管理于一体的微门户管理平台，利用“科冀汇”微信公众号，围绕大众创新创业、科技成果转化、京津冀协同创新、科技前沿等热点，及时发布我省及国内重大科技创新工作动态，解读最新科技政策，转载专家学者观点及理论研究成果。　　二、主动公开政府信息情况　　（一）通过省政府信息公开平台公开信息　　2016年度我厅在省政府信息公开平台公开信息1700条。　　（二）通过参加新闻发布会和新媒体发布信息等途径公开信息　　2016年参加新闻发布会2次，参加阳光热线1次、阳光理政1次、省政府门户网站网络访谈1次，通过微信公众平台“科冀汇”发布图文（含视频）信息800篇，单篇最高阅读量达1337人；新浪、腾讯“科技河北”微博分别发布信息420条。　　省科技档案馆开辟专门区域作为政府信息查阅利用场所，配备查阅和打印、复印等设备，为公众查阅和获取政府信息提供方便。　　（三）充分利用我厅门户网站公开政府信息　　2016年，通过科技厅门户网站主动公开政府信息1700条，其中规范性文件1条，领导活动信息5条，财政信息4条，工作部署信息105条，公告公示160条，其他动态类信息1425条。　　（四）主动公开政府信息资料移交省档案馆、图书馆情况　　2016年，我厅向省档案馆、图书馆移交公开的政府信息资料共计147件。　　三、依申请公开政府信息情况　　2016年，我厅共收到信息公开申请1件，办理答复1件。　　四、申请行政复议和提起行政诉讼情况　　2016年，我厅未因信息公开引起行政复议和提起行政诉讼。　　五、收费及减免情况　　2016年，我厅全部免费为申请人提供政府信息。　　六、主要问题及改进措施　　2016年，我厅政府信息公开工作在完善相关配套制度、拓展政府信息公开的渠道和方式等方面取得了一些进展，但也存在一些问题和不足，政府信息公开的范围和力度还有待进一步提高，公开程序的规范性也有待进一步加强。2017年，我们将采取以下改进措施：一是继续深化重点领域信息公开。进一步拓展重点领域信息公开内容，丰富公开形式，提高公开质量。强化对重点领域牵头部门工作督导调度，在信息公开工作的关键领域和薄弱环节精准发力，力争取得新突破。二是依法依规做好依申请公开。拓宽申请渠道，推动各地各部门开通网上在线申请和电子信箱申请，提高依申请公开工作信息化水平。提高依申请公开答复规范化程度，推广统一规范的答复格式，努力提高答复质量。三是继续加强政策解读和社会关切回应力度。按照《河北省科学技术厅关于进一步做好重要政策文件解读工作的通知》要求，积极推动政策解读工作的细化落实。完善省级层面政策解读工作，增加媒体解读数量，扩大解读受众面；探索建立专家解读机制，充分发挥专家学者专业领域专业优势，提升解读权威性。
",政府信息公开年报,https://kjt.hebei.gov.cn/www/xxgk2020/212936/index.html,https://kjt.hebei.gov.cn/www/xxgk2020/212936/214875/index.html,https://kjt.hebei.gov.cnhttp://kjt.hebei.gov.cn;https://kjt.hebei.gov.cnmailto:kjglxxzx@hebkjt.cn;
信息公开年报,2016-05-26,"
　　根据《中华人民共和国政府信息公开条例》，特向社会公布2015年度我厅信息公开工作年度报告。　　本报告的统计数据时限为2015年1月1日至2015年12月31日。本报告的电子版在省科学技术厅网站http://kjt.hebei.gov.cn上公布。　　如对本报告有任何疑问，请联系：河北省科技厅办公室。　　电子邮箱：kjglxxzx@hebkjt.cn　　一、概述　　2015年，在省委、省政府领导下，我厅认真落实《中华人民共和国政府信息公开条例》、《河北省实施<中华人民共和国政府信息公开条例>办法》和省政府《2015年政府信息公开工作要点分解细化方案》的各项要求，以推动政府权力规范、透明、廉洁、高效运行为目标，不断完善政府信息公开工作制度，丰富信息公开的内容和形式，政府信息公开工作取得新进展，营造了全省科技发展的良好舆论氛围。　　（一）加强领导，调整充实政府信息公开工作机构。根据工作需要和人事变动情况，厅党组及时对厅政府信息公开工作领导小组成员进行调整，印发了《河北省科学技术厅关于调整政府信息公开工作领导小组成员及职责的通知》（冀科办函〔2015〕74号），进一步明确了厅政府信息公开领导小组办公室的职责，以及各处室、单位的工作职责和任务分工。　　（二）完善制度，加强重点领域信息公开。推动科技管理和项目经费信息公开，及时在网上公开发布项目申报指南，并通过“河北省科技计划管理信息系统”及时向项目承担人和归口管理单位公开项目受理、审批、立项、验收安排等信息；加强财政资金预决算信息和“三公”经费公开，按时将上一年度财政资金预算和决算的详细信息以及“三公”经费支出情况在科技厅门户网站上进行发布。　　（三）创新管理，积极拓展政府信息公开的渠道和方式。科技厅充分发挥厅门户网站、省档案馆、省图书馆等信息公开渠道的作用，以厅门户网站建设和规划为重点，不断丰富信息公开的渠道、内容和形式，提高了信息公开的成效。　　（四）落实责任，进一步做好重要政策文件解读工作。我厅研究印发了《河北省科学技术厅关于进一步做好重要政策文件解读工作的通知》（冀科办函〔2015〕73号），明确解读范围、解读内容、解读形式和解读程序。　　二、主动公开政府信息情况　　（一）通过省政府信息公开平台公开信息。　　2015年度我厅在省政府信息公开平台公开信息2251条。　　（二）通过召开新闻发布会和通过多家新闻媒体发布信息等途径公开。　　结合实际不断丰富和拓展信息公开渠道，参加新闻发布会3次，及时发布科技创新方面重要信息；开通了“科技河北”政务微博和微信公众号，加强了与网民的信息联系，共发布微博信息377条；省科技档案馆开辟专门区域作为政府信息查阅利用场所，配备查阅和打印、复印等设备，为公众查阅和获取政府信息提供方便。　　（三）充分利用我厅门户网站公开政府信息。　　2015年，通过科技厅门户网站主动公开政府信息2251条，其中规范性文件1条，领导活动信息16条，财政信息7条，工作部署信息70条，公告公示132条，答复厅长信箱咨询3条，其他动态类信息1859条。行政服务中心充分发挥集中办公、贴近群众的优势，主动公开办理主体、办理依据、办理条件、办理程序、办理时限、收费依据、收费标准、监督渠道等信息，推进行政审批、公共服务的过程和结果公开，共受理2926件。　　（四）主动公开政府信息资料移交省档案馆、图书馆情况。　　2015年，河北省科技厅向省档案馆、图书馆移交公开的政府信息资料共计153件。　　三、依申请公开政府信息情况　　本年度我厅收到申请事项1件，办理答复1件，不属于本行政机关的1件。　　四、行政复议、行政诉讼情况　　本年度我厅首次受理政府信息公开行政复议1件，未受理行政诉讼案件。参加行政复议质询答辩会，积极配合省法制办进行行政复议核查。　　五、收费及减免情况　　2015年，我厅未收取和减免任何与政府信息公开相关的费用。　　六、存在的问题及改进措施　　2015年，我厅政府信息公开工作在完善相关配套制度、拓展政府信息公开的渠道和方式等方面取得了一些进展，但也存在一些问题和不足，政府信息公开的范围和力度还有待进一步提高，公开程序的规范性也有待进一步加强。2016年，我们将积极加强以下几个方面的工作：一是强化制度建设。学习借鉴兄弟省市科技管理部门政府信息公开工作先进经验，不断完善政府信息公开工作制度体系。二是深化政策解读。按照《河北省科学技术厅关于进一步做好重要政策文件解读工作的通知》要求，积极推动政策解读工作的细化落实。三是升级门户网站。根据科技管理需要，组织实施科技厅门户网站信息发布平台的技术升级和网站改版，完善门户网站互动功能。四是拓展公开渠道。适应群众需求和信息化发展的新形势，进一步加强政务微博、微信和手机WAP网站等信息公开渠道建设。　　河北省科学技术厅　　2016年2月29日
",政府信息公开年报,https://kjt.hebei.gov.cn/www/xxgk2020/212936/index.html,https://kjt.hebei.gov.cn/www/xxgk2020/212936/214872/index.html,https://kjt.hebei.gov.cnhttp://kjt.hebei.gov.cn/;
